2015-06-26T09:37:58Z,37.394281,-122.029019,-14.000000,3.000000,12.900000,10.750000
2015-06-26T09:37:59Z,37.394379,-122.028985,-14.000000,3.000000,13.300000,11.000000
2015-06-26T09:38:00Z,37.394479,-122.028960,-15.000000,3.000000,14.000000,11.250000
2015-06-26T09:38:01Z,37.394587,-122.028927,-15.000000,4.000000,14.400000,11.750000
2015-06-26T09:38:02Z,37.394688,-122.028895,-15.000000,5.000000,14.400000,11.750000
2015-06-26T09:38:03Z,37.394824,-122.028856,-16.000000,4.000000,13.000000,14.250000
2015-06-26T09:38:04Z,37.394959,-122.028810,-16.000000,3.000000,14.500000,16.500000
2015-06-26T09:38:05Z,37.395104,-122.028767,-15.000000,3.000000,14.900000,16.500000
2015-06-26T09:38:06Z,37.395230,-122.028717,-17.000000,4.000000,15.900000,17.000000
2015-06-26T09:38:07Z,37.395375,-122.028661,-17.000000,4.000000,14.100000,18.000000
2015-06-26T09:38:08Z,37.395532,-122.028614,-17.000000,5.000000,13.200000,18.250000
2015-06-26T09:38:09Z,37.395691,-122.028567,-17.000000,7.000000,13.200000,18.250000
2015-06-26T09:38:10Z,37.395876,-122.028507,-18.000000,4.000000,11.700000,19.250000
2015-06-26T09:38:11Z,37.396068,-122.028444,-18.000000,4.000000,12.700000,20.250000
2015-06-26T09:38:12Z,37.396250,-122.028389,-18.000000,4.000000,14.400000,20.750000
2015-06-26T09:38:13Z,37.396430,-122.028331,-18.000000,5.000000,14.400000,20.750000
2015-06-26T09:38:14Z,37.396634,-122.028257,-19.000000,4.000000,16.700001,21.750000
2015-06-26T09:38:15Z,37.396818,-122.028182,-21.000000,4.000000,17.900000,21.750000
2015-06-26T09:38:16Z,37.396994,-122.028104,-21.000000,4.000000,18.600000,21.750000
2015-06-26T09:38:17Z,37.397176,-122.028032,-21.000000,3.000000,17.100000,21.750000
2015-06-26T09:38:18Z,37.397366,-122.027959,-21.000000,3.000000,16.700001,22.000000
2015-06-26T09:38:19Z,37.397565,-122.027881,-21.000000,4.000000,16.600000,22.250000
2015-06-26T09:38:20Z,37.397752,-122.027805,-21.000000,3.000000,17.000000,22.250000
2015-06-26T09:38:21Z,37.397949,-122.027730,-22.000000,3.000000,16.900000,22.500000
2015-06-26T09:38:22Z,37.398137,-122.027640,-22.000000,3.000000,21.299999,22.000000
2015-06-26T09:38:23Z,37.398318,-122.027524,-21.000000,3.000000,29.600000,21.000000
2015-06-26T09:38:24Z,37.398482,-122.027407,-21.000000,5.000000,29.600000,21.000000
2015-06-26T09:38:25Z,37.398655,-122.027215,-21.000000,5.000000,37.200001,23.000000
2015-06-26T09:38:26Z,37.398819,-122.027059,-21.000000,8.000000,37.200001,23.000000
2015-06-26T09:38:27Z,37.398524,-122.026722,-20.000000,4.000000,97.500000,21.250000
2015-06-26T09:38:28Z,37.398474,-122.026486,-22.000000,4.000000,100.800003,22.250000
2015-06-26T09:38:29Z,37.398438,-122.026225,-22.000000,4.000000,100.900002,24.000000
2015-06-26T09:38:30Z,37.398388,-122.025928,-25.000000,4.000000,99.699997,25.500000
2015-06-26T09:38:31Z,37.398326,-122.025640,-26.000000,4.000000,99.500000,27.000000
2015-06-26T09:38:32Z,37.398285,-122.025349,-26.000000,4.000000,101.300003,28.250000
2015-06-26T09:38:33Z,37.398230,-122.025031,-27.000000,4.000000,102.400002,29.750000
2015-06-26T09:38:34Z,37.398166,-122.024695,-27.000000,4.000000,103.099998,31.000000
2015-06-26T09:38:35Z,37.398091,-122.024338,-26.000000,4.000000,104.300003,32.500000
2015-06-26T09:38:36Z,37.398015,-122.023976,-25.000000,4.000000,105.000000,33.250000
2015-06-26T09:38:37Z,37.397938,-122.023615,-25.000000,4.000000,105.000000,33.250000
2015-06-26T09:38:38Z,37.397853,-122.023233,-25.000000,4.000000,105.099998,34.000000
2015-06-26T09:38:39Z,37.397774,-122.022862,-25.000000,4.000000,105.400002,34.250000
2015-06-26T09:38:40Z,37.397696,-122.022488,-26.000000,4.000000,105.400002,34.000000
2015-06-26T09:38:41Z,37.397622,-122.022120,-26.000000,4.000000,105.300003,34.000000
2015-06-26T09:38:42Z,37.397544,-122.021766,-25.000000,4.000000,105.199997,33.750000
2015-06-26T09:38:43Z,37.397463,-122.021371,-25.000000,4.000000,105.300003,34.000000
2015-06-26T09:38:44Z,37.397390,-122.021024,-26.000000,4.000000,105.199997,33.500000
2015-06-26T09:38:45Z,37.397314,-122.020659,-27.000000,4.000000,105.300003,33.000000
2015-06-26T09:38:46Z,37.397234,-122.020292,-27.000000,5.000000,105.300003,33.000000
2015-06-26T09:38:47Z,37.397164,-122.019917,-28.000000,4.000000,105.199997,33.250000
2015-06-26T09:38:48Z,37.397082,-122.019556,-28.000000,4.000000,105.300003,33.250000
2015-06-26T09:38:49Z,37.397009,-122.019202,-29.000000,4.000000,105.199997,33.500000
2015-06-26T09:38:50Z,37.396923,-122.018837,-29.000000,4.000000,105.500000,33.000000
2015-06-26T09:38:51Z,37.396835,-122.018474,-30.000000,3.000000,105.599998,32.750000
2015-06-26T09:38:52Z,37.396747,-122.018135,-27.000000,4.000000,106.599998,32.750000
2015-06-26T09:38:53Z,37.396666,-122.017787,-28.000000,4.000000,105.400002,32.750000
2015-06-26T09:38:54Z,37.396575,-122.017416,-27.000000,4.000000,105.099998,32.750000
2015-06-26T09:38:55Z,37.396502,-122.017074,-27.000000,4.000000,104.500000,32.500000
2015-06-26T09:38:56Z,37.396425,-122.016717,-26.000000,4.000000,105.599998,32.500000
2015-06-26T09:38:57Z,37.396349,-122.016366,-26.000000,4.000000,105.699997,32.500000
2015-06-26T09:38:58Z,37.396274,-122.016013,-26.000000,4.000000,105.699997,32.250000
2015-06-26T09:38:59Z,37.396207,-122.015651,-28.000000,4.000000,105.199997,32.250000
2015-06-26T09:39:00Z,37.396131,-122.015303,-29.000000,3.000000,105.300003,32.250000
2015-06-26T09:39:01Z,37.396056,-122.014957,-28.000000,4.000000,105.099998,32.000000
2015-06-26T09:39:02Z,37.395983,-122.014592,-27.000000,3.000000,105.500000,31.500000
2015-06-26T09:39:03Z,37.395907,-122.014269,-27.000000,3.000000,105.300003,31.500000
2015-06-26T09:39:04Z,37.395831,-122.013940,-29.000000,4.000000,105.500000,31.250000
2015-06-26T09:39:05Z,37.395765,-122.013608,-30.000000,4.000000,105.400002,31.000000
2015-06-26T09:39:06Z,37.395688,-122.013276,-29.000000,4.000000,105.500000,31.000000
2015-06-26T09:39:07Z,37.395612,-122.012931,-29.000000,4.000000,105.500000,31.000000
2015-06-26T09:39:08Z,37.395539,-122.012599,-30.000000,4.000000,105.400002,31.000000
2015-06-26T09:39:09Z,37.395464,-122.012256,-31.000000,4.000000,105.300003,30.750000
2015-06-26T09:39:10Z,37.395383,-122.011908,-31.000000,4.000000,105.300003,30.750000
2015-06-26T09:39:11Z,37.395311,-122.011577,-31.000000,4.000000,105.400002,30.500000
2015-06-26T09:39:12Z,37.395235,-122.011266,-32.000000,4.000000,105.500000,30.500000
2015-06-26T09:39:13Z,37.395155,-122.010931,-32.000000,4.000000,105.400002,30.250000
2015-06-26T09:39:14Z,37.395083,-122.010606,-33.000000,4.000000,105.599998,30.250000
2015-06-26T09:39:15Z,37.395009,-122.010269,-33.000000,4.000000,105.599998,30.250000
2015-06-26T09:39:16Z,37.394933,-122.009952,-32.000000,4.000000,105.500000,30.250000
2015-06-26T09:39:17Z,37.394864,-122.009626,-31.000000,4.000000,105.300003,30.250000
2015-06-26T09:39:18Z,37.394795,-122.009281,-30.000000,4.000000,105.300003,30.250000
2015-06-26T09:39:19Z,37.394727,-122.008952,-31.000000,4.000000,104.699997,30.250000
2015-06-26T09:39:20Z,37.394639,-122.008627,-32.000000,4.000000,106.300003,30.500000
2015-06-26T09:39:21Z,37.394566,-122.008294,-32.000000,4.000000,107.000000,30.750000
2015-06-26T09:39:22Z,37.394489,-122.007969,-32.000000,4.000000,108.000000,30.500000
2015-06-26T09:39:23Z,37.394407,-122.007647,-32.000000,4.000000,108.199997,30.750000
2015-06-26T09:39:24Z,37.394319,-122.007310,-31.000000,4.000000,108.599998,30.750000
2015-06-26T09:39:25Z,37.394231,-122.006983,-31.000000,5.000000,108.599998,30.750000
2015-06-26T09:39:26Z,37.394138,-122.006638,-32.000000,6.000000,108.300003,30.750000
2015-06-26T09:39:27Z,37.394052,-122.006310,-32.000000,7.000000,108.300003,30.750000
2015-06-26T09:39:28Z,37.393958,-122.005980,-33.000000,5.000000,109.400002,30.750000
2015-06-26T09:39:29Z,37.393858,-122.005644,-34.000000,4.000000,108.800003,31.000000
2015-06-26T09:39:30Z,37.393775,-122.005313,-34.000000,4.000000,108.500000,31.250000
2015-06-26T09:39:31Z,37.393681,-122.004979,-33.000000,4.000000,108.099998,31.250000
2015-06-26T09:39:32Z,37.393597,-122.004645,-33.000000,4.000000,108.400002,31.250000
2015-06-26T09:39:33Z,37.393506,-122.004307,-33.000000,4.000000,108.500000,31.250000
2015-06-26T09:39:34Z,37.393416,-122.003969,-33.000000,4.000000,108.800003,31.000000
2015-06-26T09:39:35Z,37.393325,-122.003637,-32.000000,4.000000,109.000000,31.000000
2015-06-26T09:39:36Z,37.393232,-122.003310,-32.000000,4.000000,109.400002,31.000000
2015-06-26T09:39:37Z,37.393139,-122.002978,-32.000000,4.000000,109.400002,31.000000
2015-06-26T09:39:38Z,37.393049,-122.002643,-32.000000,4.000000,109.699997,31.000000
2015-06-26T09:39:39Z,37.392955,-122.002315,-32.000000,4.000000,109.699997,31.000000
2015-06-26T09:39:40Z,37.392862,-122.001992,-32.000000,4.000000,109.800003,31.000000
2015-06-26T09:39:41Z,37.392770,-122.001659,-32.000000,4.000000,110.000000,31.000000
2015-06-26T09:39:42Z,37.392667,-122.001325,-32.000000,3.000000,109.900002,31.250000
2015-06-26T09:39:43Z,37.392578,-122.001002,-32.000000,3.000000,110.300003,31.750000
2015-06-26T09:39:44Z,37.392481,-122.000668,-31.000000,4.000000,110.000000,32.000000
2015-06-26T09:39:45Z,37.392382,-122.000330,-31.000000,5.000000,110.000000,32.000000
2015-06-26T09:39:46Z,37.392287,-121.999996,-31.000000,6.000000,109.900002,32.000000
2015-06-26T09:39:47Z,37.392194,-121.999606,-30.000000,3.000000,109.800003,32.750000
2015-06-26T09:39:48Z,37.392082,-121.999274,-30.000000,3.000000,110.500000,33.000000
2015-06-26T09:39:49Z,37.391984,-121.998924,-31.000000,3.000000,109.400002,32.750000
2015-06-26T09:39:50Z,37.391892,-121.998560,-30.000000,3.000000,109.699997,33.250000
2015-06-26T09:39:51Z,37.391794,-121.998211,-29.000000,3.000000,111.099998,33.000000
2015-06-26T09:39:52Z,37.391678,-121.997864,-29.000000,3.000000,111.900002,33.250000
2015-06-26T09:39:53Z,37.391560,-121.997522,-30.000000,4.000000,112.099998,33.250000
2015-06-26T09:39:54Z,37.391458,-121.997170,-33.000000,4.000000,110.699997,33.250000
2015-06-26T09:39:55Z,37.391364,-121.996801,-31.000000,4.000000,110.400002,33.500000
2015-06-26T09:39:56Z,37.391256,-121.996452,-32.000000,4.000000,110.800003,33.250000
2015-06-26T09:39:57Z,37.391151,-121.996103,-32.000000,5.000000,110.800003,33.250000
2015-06-26T09:39:58Z,37.391033,-121.995759,-32.000000,5.000000,111.699997,32.750000
2015-06-26T09:39:59Z,37.390906,-121.995427,-31.000000,6.000000,112.599998,32.750000
2015-06-26T09:40:00Z,37.390782,-121.995109,-31.000000,6.000000,114.000000,32.500000
2015-06-26T09:40:01Z,37.390671,-121.994751,-29.000000,5.000000,112.300003,33.500000
2015-06-26T09:40:02Z,37.390586,-121.994381,-27.000000,4.000000,110.599998,34.000000
2015-06-26T09:40:03Z,37.390489,-121.994001,-28.000000,4.000000,110.599998,34.000000
2015-06-26T09:40:04Z,37.390381,-121.993635,-28.000000,4.000000,110.699997,34.250000
2015-06-26T09:40:05Z,37.390276,-121.993282,-30.000000,3.000000,110.599998,34.250000
2015-06-26T09:40:06Z,37.390167,-121.992906,-30.000000,3.000000,110.599998,34.500000
2015-06-26T09:40:07Z,37.390068,-121.992523,-30.000000,3.000000,110.300003,34.500000
2015-06-26T09:40:08Z,37.389979,-121.992157,-30.000000,4.000000,109.900002,34.750000
2015-06-26T09:40:09Z,37.389869,-121.991803,-30.000000,4.000000,109.500000,34.750000
2015-06-26T09:40:10Z,37.389770,-121.991418,-31.000000,4.000000,109.400002,34.750000
2015-06-26T09:40:11Z,37.389655,-121.991042,-31.000000,4.000000,109.599998,34.750000
2015-06-26T09:40:12Z,37.389547,-121.990676,-29.000000,4.000000,109.800003,34.750000
2015-06-26T09:40:13Z,37.389440,-121.990321,-29.000000,3.000000,109.900002,34.750000
2015-06-26T09:40:14Z,37.389324,-121.989944,-28.000000,3.000000,109.900002,34.750000
2015-06-26T09:40:15Z,37.389220,-121.989571,-30.000000,3.000000,109.800003,34.750000
2015-06-26T09:40:16Z,37.389113,-121.989205,-29.000000,3.000000,109.699997,34.750000
2015-06-26T09:40:17Z,37.389015,-121.988850,-29.000000,3.000000,109.599998,34.500000
2015-06-26T09:40:18Z,37.388915,-121.988478,-28.000000,3.000000,109.500000,34.500000
2015-06-26T09:40:19Z,37.388809,-121.988108,-29.000000,3.000000,109.500000,34.500000
2015-06-26T09:40:20Z,37.388713,-121.987746,-29.000000,3.000000,109.599998,34.250000
2015-06-26T09:40:21Z,37.388614,-121.987385,-28.000000,3.000000,109.599998,34.250000
2015-06-26T09:40:22Z,37.388517,-121.987009,-28.000000,3.000000,109.300003,34.000000
2015-06-26T09:40:23Z,37.388414,-121.986645,-28.000000,3.000000,109.000000,34.000000
2015-06-26T09:40:24Z,37.388321,-121.986280,-29.000000,3.000000,108.699997,34.000000
2015-06-26T09:40:25Z,37.388226,-121.985926,-28.000000,3.000000,108.500000,33.750000
2015-06-26T09:40:26Z,37.388125,-121.985566,-27.000000,3.000000,108.699997,33.750000
2015-06-26T09:40:27Z,37.388018,-121.985193,-27.000000,3.000000,108.800003,33.750000
2015-06-26T09:40:28Z,37.387919,-121.984840,-27.000000,3.000000,108.800003,33.750000
2015-06-26T09:40:29Z,37.387825,-121.984493,-28.000000,3.000000,108.699997,33.750000
2015-06-26T09:40:30Z,37.387719,-121.984130,-28.000000,4.000000,108.900002,33.500000
2015-06-26T09:40:31Z,37.387624,-121.983777,-28.000000,4.000000,109.300003,33.500000
2015-06-26T09:40:32Z,37.387524,-121.983417,-29.000000,4.000000,109.599998,33.250000
2015-06-26T09:40:33Z,37.387428,-121.983076,-30.000000,3.000000,109.699997,33.250000
2015-06-26T09:40:34Z,37.387328,-121.982724,-30.000000,4.000000,109.699997,33.250000
2015-06-26T09:40:35Z,37.387230,-121.982367,-30.000000,4.000000,109.599998,33.250000
2015-06-26T09:40:36Z,37.387127,-121.982025,-30.000000,4.000000,109.800003,33.500000
2015-06-26T09:40:37Z,37.387031,-121.981673,-30.000000,3.000000,109.800003,33.500000
2015-06-26T09:40:38Z,37.386930,-121.981298,-31.000000,4.000000,109.699997,33.500000
2015-06-26T09:40:39Z,37.386829,-121.980952,-32.000000,4.000000,109.699997,33.500000
2015-06-26T09:40:40Z,37.386717,-121.980593,-32.000000,4.000000,109.800003,33.750000
2015-06-26T09:40:41Z,37.386623,-121.980246,-31.000000,3.000000,109.599998,33.750000
2015-06-26T09:40:42Z,37.386520,-121.979899,-32.000000,4.000000,109.699997,33.750000
2015-06-26T09:40:43Z,37.386417,-121.979524,-32.000000,4.000000,109.500000,33.750000
2015-06-26T09:40:44Z,37.386311,-121.979167,-31.000000,3.000000,109.599998,33.750000
2015-06-26T09:40:45Z,37.386208,-121.978832,-33.000000,3.000000,109.800003,33.750000
2015-06-26T09:40:46Z,37.386099,-121.978460,-33.000000,9.000000,109.800003,33.750000
2015-06-26T09:40:47Z,37.385999,-121.978094,-32.000000,9.000000,109.800003,33.750000
2015-06-26T09:40:48Z,37.385892,-121.977733,-33.000000,9.000000,109.699997,33.750000
2015-06-26T09:40:49Z,37.385793,-121.977385,-33.000000,9.000000,109.800003,33.750000
2015-06-26T09:40:50Z,37.385686,-121.977021,-32.000000,9.000000,110.099998,33.500000
2015-06-26T09:40:51Z,37.385583,-121.976651,-32.000000,10.000000,109.699997,33.500000
2015-06-26T09:40:52Z,37.385481,-121.976283,-31.000000,10.000000,109.900002,34.000000
2015-06-26T09:40:53Z,37.385384,-121.975935,-30.000000,9.000000,109.900002,33.750000
2015-06-26T09:40:54Z,37.385273,-121.975576,-31.000000,9.000000,109.900002,33.500000
2015-06-26T09:40:55Z,37.385169,-121.975216,-30.000000,9.000000,109.800003,33.500000
2015-06-26T09:40:56Z,37.385070,-121.974857,-29.000000,9.000000,109.699997,33.500000
2015-06-26T09:40:57Z,37.384970,-121.974511,-29.000000,9.000000,109.599998,33.250000
2015-06-26T09:40:58Z,37.384874,-121.974153,-29.000000,9.000000,109.599998,33.250000
2015-06-26T09:40:59Z,37.384769,-121.973789,-29.000000,9.000000,109.599998,32.750000
2015-06-26T09:41:00Z,37.384666,-121.973446,-29.000000,9.000000,109.699997,32.500000
2015-06-26T09:41:01Z,37.384569,-121.973110,-29.000000,9.000000,109.900002,32.250000
2015-06-26T09:41:02Z,37.384475,-121.972755,-30.000000,9.000000,109.900002,32.250000
2015-06-26T09:41:03Z,37.384376,-121.972414,-27.000000,9.000000,109.599998,32.250000
2015-06-26T09:41:04Z,37.384283,-121.972076,-28.000000,3.000000,109.500000,31.750000
2015-06-26T09:41:05Z,37.384186,-121.971751,-27.000000,3.000000,109.800003,31.750000
2015-06-26T09:41:06Z,37.384091,-121.971417,-27.000000,3.000000,109.800003,31.500000
2015-06-26T09:41:07Z,37.383995,-121.971072,-27.000000,3.000000,109.699997,31.250000
2015-06-26T09:41:08Z,37.383902,-121.970745,-27.000000,3.000000,109.699997,31.250000
2015-06-26T09:41:09Z,37.383806,-121.970424,-27.000000,3.000000,109.800003,31.000000
2015-06-26T09:41:10Z,37.383707,-121.970086,-26.000000,3.000000,110.000000,31.000000
2015-06-26T09:41:11Z,37.383610,-121.969757,-25.000000,3.000000,110.300003,31.000000
2015-06-26T09:41:12Z,37.383512,-121.969431,-25.000000,3.000000,110.199997,31.000000
2015-06-26T09:41:13Z,37.383420,-121.969116,-25.000000,3.000000,109.500000,30.750000
2015-06-26T09:41:14Z,37.383324,-121.968785,-25.000000,3.000000,109.599998,31.000000
2015-06-26T09:41:15Z,37.383218,-121.968447,-26.000000,3.000000,109.599998,31.250000
2015-06-26T09:41:16Z,37.383124,-121.968107,-26.000000,3.000000,109.699997,31.250000
2015-06-26T09:41:17Z,37.383037,-121.967781,-25.000000,3.000000,109.500000,31.500000
2015-06-26T09:41:18Z,37.382936,-121.967427,-26.000000,3.000000,109.500000,31.750000
2015-06-26T09:41:19Z,37.382837,-121.967087,-26.000000,3.000000,109.400002,32.000000
2015-06-26T09:41:20Z,37.382735,-121.966746,-26.000000,3.000000,109.800003,32.250000
2015-06-26T09:41:21Z,37.382634,-121.966409,-27.000000,3.000000,109.800003,32.250000
2015-06-26T09:41:22Z,37.382535,-121.966064,-27.000000,3.000000,110.000000,32.500000
2015-06-26T09:41:23Z,37.382428,-121.965720,-27.000000,3.000000,110.099998,32.500000
2015-06-26T09:41:24Z,37.382331,-121.965364,-28.000000,3.000000,110.300003,32.750000
2015-06-26T09:41:25Z,37.382232,-121.965009,-27.000000,3.000000,109.900002,33.000000
2015-06-26T09:41:26Z,37.382128,-121.964654,-26.000000,3.000000,109.800003,33.000000
2015-06-26T09:41:27Z,37.382039,-121.964307,-26.000000,3.000000,109.800003,33.000000
2015-06-26T09:41:28Z,37.381939,-121.963958,-25.000000,4.000000,109.800003,33.000000
2015-06-26T09:41:29Z,37.381840,-121.963614,-26.000000,7.000000,109.800003,33.000000
2015-06-26T09:41:30Z,37.381755,-121.963250,-28.000000,4.000000,109.400002,33.500000
2015-06-26T09:41:31Z,37.381654,-121.962864,-30.000000,4.000000,109.900002,33.250000
2015-06-26T09:41:32Z,37.381555,-121.962526,-32.000000,4.000000,110.500000,32.750000
2015-06-26T09:41:33Z,37.381460,-121.962167,-31.000000,4.000000,109.900002,33.000000
2015-06-26T09:41:34Z,37.381354,-121.961813,-31.000000,4.000000,110.000000,32.750000
2015-06-26T09:41:35Z,37.381254,-121.961478,-31.000000,4.000000,109.699997,32.500000
2015-06-26T09:41:36Z,37.381147,-121.961131,-30.000000,4.000000,109.699997,32.500000
2015-06-26T09:41:37Z,37.381043,-121.960788,-29.000000,5.000000,110.300003,32.500000
2015-06-26T09:41:38Z,37.380951,-121.960428,-30.000000,5.000000,110.400002,32.500000
2015-06-26T09:41:39Z,37.380856,-121.960090,-30.000000,5.000000,110.500000,32.250000
2015-06-26T09:41:40Z,37.380763,-121.959732,-28.000000,5.000000,110.500000,32.250000
2015-06-26T09:41:41Z,37.380662,-121.959393,-28.000000,6.000000,110.500000,32.250000
2015-06-26T09:41:42Z,37.380557,-121.959064,-28.000000,5.000000,111.300003,31.750000
2015-06-26T09:41:43Z,37.380458,-121.958750,-30.000000,5.000000,110.500000,31.750000
2015-06-26T09:41:44Z,37.380355,-121.958436,-31.000000,6.000000,110.300003,31.500000
2015-06-26T09:41:45Z,37.380259,-121.958100,-32.000000,6.000000,109.400002,31.750000
2015-06-26T09:41:46Z,37.380164,-121.957765,-32.000000,7.000000,109.400002,31.750000
2015-06-26T09:41:47Z,37.380067,-121.957428,-30.000000,5.000000,110.300003,31.250000
2015-06-26T09:41:48Z,37.379982,-121.957099,-31.000000,5.000000,110.300003,31.000000
2015-06-26T09:41:49Z,37.379892,-121.956769,-31.000000,5.000000,110.199997,31.000000
2015-06-26T09:41:50Z,37.379790,-121.956437,-31.000000,6.000000,110.000000,30.750000
2015-06-26T09:41:51Z,37.379698,-121.956114,-30.000000,5.000000,109.699997,31.000000
2015-06-26T09:41:52Z,37.379613,-121.955781,-30.000000,5.000000,109.300003,31.250000
2015-06-26T09:41:53Z,37.379521,-121.955452,-30.000000,6.000000,109.300003,31.250000
2015-06-26T09:41:54Z,37.379422,-121.955110,-29.000000,5.000000,108.400002,31.500000
2015-06-26T09:41:55Z,37.379324,-121.954756,-29.000000,5.000000,108.199997,31.500000
2015-06-26T09:41:56Z,37.379235,-121.954419,-30.000000,5.000000,107.599998,32.000000
2015-06-26T09:41:57Z,37.379154,-121.954076,-29.000000,5.000000,107.199997,32.000000
2015-06-26T09:41:58Z,37.379072,-121.953718,-27.000000,5.000000,107.500000,32.000000
2015-06-26T09:41:59Z,37.378985,-121.953372,-28.000000,6.000000,106.800003,32.500000
2015-06-26T09:42:00Z,37.378900,-121.953025,-26.000000,6.000000,107.400002,32.250000
2015-06-26T09:42:01Z,37.378811,-121.952687,-25.000000,5.000000,106.699997,32.250000
2015-06-26T09:42:02Z,37.378727,-121.952335,-25.000000,5.000000,105.500000,32.250000
2015-06-26T09:42:03Z,37.378657,-121.951973,-25.000000,5.000000,105.099998,32.000000
2015-06-26T09:42:04Z,37.378583,-121.951620,-24.000000,5.000000,105.500000,31.750000
2015-06-26T09:42:05Z,37.378510,-121.951285,-24.000000,5.000000,105.199997,31.500000
2015-06-26T09:42:06Z,37.378445,-121.950932,-24.000000,4.000000,103.599998,31.750000
2015-06-26T09:42:07Z,37.378379,-121.950587,-24.000000,6.000000,103.599998,31.750000
2015-06-26T09:42:08Z,37.378319,-121.950267,-24.000000,5.000000,104.199997,31.250000
2015-06-26T09:42:09Z,37.378255,-121.949918,-23.000000,5.000000,103.400002,31.250000
2015-06-26T09:42:10Z,37.378193,-121.949572,-23.000000,5.000000,103.400002,31.250000
2015-06-26T09:42:11Z,37.378120,-121.949223,-23.000000,5.000000,104.500000,31.500000
2015-06-26T09:42:12Z,37.378038,-121.948887,-24.000000,5.000000,104.400002,31.500000
2015-06-26T09:42:13Z,37.377949,-121.948539,-25.000000,5.000000,103.800003,31.750000
2015-06-26T09:42:14Z,37.377884,-121.948196,-26.000000,4.000000,103.099998,31.750000
2015-06-26T09:42:15Z,37.377812,-121.947858,-26.000000,4.000000,104.500000,31.000000
2015-06-26T09:42:16Z,37.377761,-121.947526,-27.000000,4.000000,103.199997,30.500000
2015-06-26T09:42:17Z,37.377677,-121.947204,-28.000000,4.000000,104.000000,30.000000
2015-06-26T09:42:18Z,37.377630,-121.946890,-30.000000,4.000000,103.900002,29.500000
2015-06-26T09:42:19Z,37.377564,-121.946580,-30.000000,4.000000,103.400002,28.250000
2015-06-26T09:42:20Z,37.377505,-121.946272,-30.000000,5.000000,103.400002,28.250000
2015-06-26T09:42:21Z,37.377439,-121.945989,-31.000000,4.000000,104.199997,27.500000
2015-06-26T09:42:22Z,37.377385,-121.945668,-31.000000,5.000000,105.000000,27.500000
2015-06-26T09:42:23Z,37.377312,-121.945360,-30.000000,5.000000,105.900002,28.000000
2015-06-26T09:42:24Z,37.377233,-121.945067,-29.000000,5.000000,107.300003,28.000000
2015-06-26T09:42:25Z,37.377152,-121.944761,-28.000000,5.000000,107.500000,28.000000
2015-06-26T09:42:26Z,37.377079,-121.944484,-27.000000,5.000000,107.400002,25.750000
2015-06-26T09:42:27Z,37.377006,-121.944214,-27.000000,6.000000,107.800003,24.250000
2015-06-26T09:42:28Z,37.376935,-121.943991,-26.000000,5.000000,115.300003,21.000000
2015-06-26T09:42:29Z,37.376839,-121.943791,-27.000000,4.000000,123.000000,20.750000
2015-06-26T09:42:30Z,37.376710,-121.943602,-26.000000,4.000000,132.100006,20.750000
2015-06-26T09:42:31Z,37.376565,-121.943450,-25.000000,4.000000,141.300003,20.500000
2015-06-26T09:42:32Z,37.376423,-121.943330,-25.000000,4.000000,149.600006,20.750000
2015-06-26T09:42:33Z,37.376252,-121.943226,-30.000000,4.000000,153.500000,21.000000
2015-06-26T09:42:34Z,37.376078,-121.943122,-29.000000,4.000000,154.399994,21.250000
2015-06-26T09:42:35Z,37.375907,-121.943010,-27.000000,4.000000,154.899994,21.250000
2015-06-26T09:42:36Z,37.375740,-121.942918,-28.000000,4.000000,155.100006,20.750000
2015-06-26T09:42:37Z,37.375573,-121.942829,-28.000000,4.000000,157.800003,19.000000
2015-06-26T09:42:38Z,37.375419,-121.942756,-30.000000,4.000000,159.899994,17.500000
2015-06-26T09:42:39Z,37.375261,-121.942763,-29.000000,4.000000,179.300003,17.000000
2015-06-26T09:42:40Z,37.375117,-121.942771,-28.000000,4.000000,183.800003,16.000000
2015-06-26T09:42:41Z,37.374969,-121.942834,-28.000000,4.000000,200.300003,17.750000
2015-06-26T09:42:42Z,37.374813,-121.942916,-27.000000,4.000000,203.100006,19.250000
2015-06-26T09:42:43Z,37.374657,-121.942999,-26.000000,4.000000,204.399994,19.750000
2015-06-26T09:42:44Z,37.374499,-121.943095,-27.000000,4.000000,204.899994,19.500000
2015-06-26T09:42:45Z,37.374336,-121.943182,-27.000000,4.000000,205.000000,18.500000
2015-06-26T09:42:46Z,37.374185,-121.943274,-26.000000,4.000000,204.600006,17.500000
2015-06-26T09:42:47Z,37.374059,-121.943343,-26.000000,3.000000,202.800003,15.250000
2015-06-26T09:42:48Z,37.373942,-121.943408,-25.000000,3.000000,203.199997,13.750000
2015-06-26T09:42:49Z,37.373829,-121.943469,-25.000000,5.000000,203.199997,13.750000
2015-06-26T09:42:50Z,37.373734,-121.943530,-25.000000,5.000000,206.699997,12.500000
2015-06-26T09:42:51Z,37.373670,-121.943528,-25.000000,5.000000,198.800003,8.250000
2015-06-26T09:42:52Z,37.373599,-121.943559,-26.000000,6.000000,198.800003,8.250000
2015-06-26T09:42:53Z,37.373541,-121.943584,-25.000000,6.000000,201.800003,7.500000
2015-06-26T09:42:54Z,37.373510,-121.943594,-26.000000,5.000000,204.399994,4.500000
2015-06-26T09:42:55Z,37.373491,-121.943595,-26.000000,4.000000,204.399994,1.500000
2015-06-26T09:42:56Z,37.373479,-121.943619,-25.000000,4.000000,0.000000,0.000000
2015-06-26T09:42:57Z,37.373479,-121.943630,-26.000000,4.000000,0.000000,0.000000
2015-06-26T09:42:58Z,37.373484,-121.943631,-27.000000,4.000000,0.000000,0.000000
2015-06-26T09:42:59Z,37.373492,-121.943628,-27.000000,4.000000,0.000000,0.000000
2015-06-26T09:43:00Z,37.373493,-121.943631,-27.000000,4.000000,0.000000,0.000000
2015-06-26T09:43:01Z,37.373493,-121.943623,-26.000000,3.000000,0.000000,0.000000
2015-06-26T09:43:02Z,37.373499,-121.943613,-25.000000,4.000000,0.000000,0.000000
2015-06-26T09:43:03Z,37.373502,-121.943611,-25.000000,4.000000,0.000000,0.000000
2015-06-26T09:43:04Z,37.373500,-121.943612,-25.000000,4.000000,204.399994,1.750000
2015-06-26T09:43:05Z,37.373478,-121.943605,-24.000000,3.000000,189.899994,3.500000
2015-06-26T09:43:06Z,37.373439,-121.943608,-24.000000,3.000000,188.699997,5.750000
2015-06-26T09:43:07Z,37.373386,-121.943618,-24.000000,5.000000,188.699997,5.750000
2015-06-26T09:43:08Z,37.373274,-121.943649,-23.000000,3.000000,186.600006,10.250000
2015-06-26T09:43:09Z,37.373161,-121.943647,-24.000000,3.000000,181.899994,13.000000
2015-06-26T09:43:10Z,37.373041,-121.943645,-24.000000,4.000000,178.600006,13.250000
2015-06-26T09:43:11Z,37.372878,-121.943629,-24.000000,4.000000,173.699997,18.000000
2015-06-26T09:43:12Z,37.372717,-121.943606,-24.000000,4.000000,171.199997,18.250000
2015-06-26T09:43:13Z,37.372557,-121.943575,-24.000000,5.000000,171.199997,18.250000
2015-06-26T09:43:14Z,37.372391,-121.943486,-26.000000,4.000000,162.399994,19.000000
2015-06-26T09:43:15Z,37.372222,-121.943398,-25.000000,5.000000,155.600006,19.500000
2015-06-26T09:43:16Z,37.372062,-121.943295,-25.000000,4.000000,149.699997,20.000000
2015-06-26T09:43:17Z,37.371916,-121.943167,-24.000000,4.000000,146.199997,20.250000
2015-06-26T09:43:18Z,37.371762,-121.943020,-26.000000,4.000000,142.899994,20.750000
2015-06-26T09:43:19Z,37.371624,-121.942866,-25.000000,4.000000,140.600006,20.750000
2015-06-26T09:43:20Z,37.371491,-121.942714,-25.000000,5.000000,137.300003,20.750000
2015-06-26T09:43:21Z,37.371348,-121.942564,-25.000000,4.000000,137.800003,20.500000
2015-06-26T09:43:22Z,37.371213,-121.942408,-25.000000,4.000000,138.500000,20.250000
2015-06-26T09:43:23Z,37.371072,-121.942261,-24.000000,4.000000,139.000000,19.500000
2015-06-26T09:43:24Z,37.370940,-121.942129,-24.000000,4.000000,141.100006,19.250000
2015-06-26T09:43:25Z,37.370802,-121.942003,-22.000000,4.000000,146.500000,19.000000
2015-06-26T09:43:26Z,37.370644,-121.941888,-22.000000,4.000000,151.000000,19.750000
2015-06-26T09:43:27Z,37.370492,-121.941795,-22.000000,4.000000,155.899994,20.250000
2015-06-26T09:43:28Z,37.370292,-121.941714,-22.000000,4.000000,160.399994,21.000000
2015-06-26T09:43:29Z,37.370114,-121.941644,-24.000000,4.000000,167.500000,21.000000
2015-06-26T09:43:30Z,37.369930,-121.941593,-25.000000,4.000000,167.500000,21.000000
2015-06-26T09:43:31Z,37.369734,-121.941596,-25.000000,4.000000,176.800003,21.500000
2015-06-26T09:43:32Z,37.369534,-121.941588,-24.000000,5.000000,177.399994,21.750000
2015-06-26T09:43:33Z,37.369339,-121.941577,-24.000000,7.000000,177.399994,21.750000
2015-06-26T09:43:34Z,37.369134,-121.941588,-24.000000,6.000000,179.899994,22.000000
2015-06-26T09:43:35Z,37.368938,-121.941597,-22.000000,5.000000,180.500000,22.000000
2015-06-26T09:43:36Z,37.368744,-121.941592,-21.000000,4.000000,180.600006,22.000000
2015-06-26T09:43:37Z,37.368545,-121.941587,-20.000000,4.000000,180.000000,22.250000
2015-06-26T09:43:38Z,37.368343,-121.941590,-21.000000,4.000000,179.800003,22.000000
2015-06-26T09:43:39Z,37.368142,-121.941588,-21.000000,4.000000,179.000000,21.750000
2015-06-26T09:43:40Z,37.367951,-121.941596,-22.000000,4.000000,181.399994,21.250000
2015-06-26T09:43:41Z,37.367768,-121.941595,-24.000000,3.000000,179.600006,20.750000
2015-06-26T09:43:42Z,37.367563,-121.941603,-24.000000,3.000000,181.100006,20.750000
2015-06-26T09:43:43Z,37.367377,-121.941608,-23.000000,4.000000,181.100006,20.750000
2015-06-26T09:43:44Z,37.367178,-121.941607,-25.000000,4.000000,180.199997,20.750000
2015-06-26T09:43:45Z,37.367000,-121.941604,-25.000000,4.000000,180.399994,20.500000
2015-06-26T09:43:46Z,37.366817,-121.941605,-26.000000,4.000000,179.699997,20.750000
2015-06-26T09:43:47Z,37.366619,-121.941605,-25.000000,4.000000,181.000000,21.250000
2015-06-26T09:43:48Z,37.366427,-121.941604,-25.000000,4.000000,179.600006,21.250000
2015-06-26T09:43:49Z,37.366239,-121.941594,-24.000000,4.000000,179.899994,21.250000
2015-06-26T09:43:50Z,37.366042,-121.941594,-24.000000,5.000000,179.899994,21.250000
2015-06-26T09:43:51Z,37.365832,-121.941589,-25.000000,4.000000,179.800003,22.000000
2015-06-26T09:43:52Z,37.365634,-121.941591,-24.000000,4.000000,180.800003,22.750000
2015-06-26T09:43:53Z,37.365431,-121.941594,-24.000000,5.000000,180.800003,22.750000
2015-06-26T09:43:54Z,37.365241,-121.941588,-24.000000,4.000000,179.600006,23.000000
2015-06-26T09:43:55Z,37.365034,-121.941588,-22.000000,4.000000,179.899994,23.000000
2015-06-26T09:43:56Z,37.364835,-121.941594,-22.000000,4.000000,180.000000,23.000000
2015-06-26T09:43:57Z,37.364627,-121.941588,-22.000000,4.000000,180.000000,23.000000
2015-06-26T09:43:58Z,37.364408,-121.941588,-22.000000,3.000000,180.000000,23.250000
2015-06-26T09:43:59Z,37.364201,-121.941581,-21.000000,3.000000,179.699997,23.000000
2015-06-26T09:44:00Z,37.363981,-121.941600,-24.000000,4.000000,180.199997,23.250000
2015-06-26T09:44:01Z,37.363773,-121.941601,-23.000000,5.000000,180.199997,23.250000
2015-06-26T09:44:02Z,37.363577,-121.941613,-21.000000,4.000000,179.500000,23.250000
2015-06-26T09:44:03Z,37.363361,-121.941604,-18.000000,3.000000,180.000000,23.500000
2015-06-26T09:44:04Z,37.363153,-121.941596,-20.000000,4.000000,179.899994,23.750000
2015-06-26T09:44:05Z,37.362939,-121.941593,-20.000000,4.000000,180.199997,23.250000
2015-06-26T09:44:06Z,37.362727,-121.941593,-20.000000,4.000000,180.500000,23.000000
2015-06-26T09:44:07Z,37.362518,-121.941598,-18.000000,4.000000,180.600006,23.000000
2015-06-26T09:44:08Z,37.362317,-121.941604,-18.000000,5.000000,180.399994,22.750000
2015-06-26T09:44:09Z,37.362118,-121.941609,-18.000000,5.000000,180.000000,22.250000
2015-06-26T09:44:10Z,37.361918,-121.941609,-18.000000,6.000000,180.000000,22.250000
2015-06-26T09:44:11Z,37.361715,-121.941599,-17.000000,4.000000,178.300003,21.750000
2015-06-26T09:44:12Z,37.361530,-121.941589,-18.000000,4.000000,179.800003,21.750000
2015-06-26T09:44:13Z,37.361335,-121.941588,-18.000000,4.000000,179.800003,21.750000
2015-06-26T09:44:14Z,37.361132,-121.941592,-19.000000,4.000000,179.899994,21.250000
2015-06-26T09:44:15Z,37.360946,-121.941595,-19.000000,4.000000,179.899994,20.250000
2015-06-26T09:44:16Z,37.360764,-121.941594,-19.000000,5.000000,179.899994,20.250000
2015-06-26T09:44:17Z,37.360590,-121.941584,-16.000000,4.000000,175.000000,20.250000
2015-06-26T09:44:18Z,37.360432,-121.941561,-15.000000,4.000000,172.000000,18.750000
2015-06-26T09:44:19Z,37.360268,-121.941515,-14.000000,4.000000,167.899994,18.250000
2015-06-26T09:44:20Z,37.360117,-121.941458,-14.000000,4.000000,163.000000,18.750000
2015-06-26T09:44:21Z,37.359958,-121.941392,-15.000000,4.000000,161.800003,19.500000
2015-06-26T09:44:22Z,37.359781,-121.941312,-15.000000,4.000000,160.600006,20.250000
2015-06-26T09:44:23Z,37.359608,-121.941226,-14.000000,3.000000,160.600006,20.750000
2015-06-26T09:44:24Z,37.359433,-121.941149,-14.000000,4.000000,160.600006,20.750000
2015-06-26T09:44:25Z,37.359255,-121.941059,-14.000000,4.000000,159.100006,20.750000
2015-06-26T09:44:26Z,37.359086,-121.940940,-14.000000,3.000000,151.699997,21.000000
2015-06-26T09:44:27Z,37.358906,-121.940811,-15.000000,3.000000,146.800003,22.250000
2015-06-26T09:44:28Z,37.358740,-121.940675,-15.000000,5.000000,146.800003,22.250000
2015-06-26T09:44:29Z,37.358619,-121.940492,-15.000000,3.000000,136.600006,22.000000
2015-06-26T09:44:30Z,37.358480,-121.940309,-16.000000,3.000000,133.699997,22.000000
2015-06-26T09:44:31Z,37.358387,-121.940086,-15.000000,4.000000,120.300003,22.500000
2015-06-26T09:44:32Z,37.358287,-121.939870,-15.000000,6.000000,120.300003,22.500000
2015-06-26T09:44:33Z,37.358249,-121.939607,-15.000000,3.000000,107.400002,22.000000
2015-06-26T09:44:34Z,37.358192,-121.939372,-15.000000,3.000000,104.800003,21.500000
2015-06-26T09:44:35Z,37.358171,-121.939127,-15.000000,3.000000,97.500000,21.750000
2015-06-26T09:44:36Z,37.358146,-121.938886,-15.000000,4.000000,97.500000,21.750000
2015-06-26T09:44:37Z,37.358125,-121.938658,-15.000000,3.000000,99.199997,21.250000
2015-06-26T09:44:38Z,37.358082,-121.938419,-16.000000,3.000000,102.400002,20.750000
2015-06-26T09:44:39Z,37.358031,-121.938198,-16.000000,3.000000,108.300003,20.500000
2015-06-26T09:44:40Z,37.357973,-121.937980,-16.000000,3.000000,108.300003,20.500000
2015-06-26T09:44:41Z,37.357866,-121.937792,-16.000000,3.000000,122.500000,20.500000
2015-06-26T09:44:42Z,37.357765,-121.937597,-17.000000,3.000000,123.599998,20.750000
2015-06-26T09:44:43Z,37.357649,-121.937398,-16.000000,3.000000,123.500000,21.250000
2015-06-26T09:44:44Z,37.357539,-121.937203,-16.000000,3.000000,124.000000,21.250000
2015-06-26T09:44:45Z,37.357433,-121.937007,-16.000000,4.000000,124.000000,21.250000
2015-06-26T09:44:46Z,37.357330,-121.936799,-16.000000,3.000000,123.800003,21.000000
2015-06-26T09:44:47Z,37.357225,-121.936604,-16.000000,4.000000,123.800003,21.000000
2015-06-26T09:44:48Z,37.357136,-121.936424,-14.000000,3.000000,121.099998,20.250000
2015-06-26T09:44:49Z,37.357055,-121.936237,-13.000000,3.000000,118.699997,20.000000
2015-06-26T09:44:50Z,37.356978,-121.936046,-12.000000,3.000000,116.400002,19.750000
2015-06-26T09:44:51Z,37.356921,-121.935836,-12.000000,3.000000,104.800003,19.750000
2015-06-26T09:44:52Z,37.356884,-121.935618,-12.000000,3.000000,101.199997,20.000000
2015-06-26T09:44:53Z,37.356855,-121.935378,-16.000000,3.000000,99.099998,20.250000
2015-06-26T09:44:54Z,37.356830,-121.935139,-15.000000,3.000000,96.000000,20.500000
2015-06-26T09:44:55Z,37.356809,-121.934908,-14.000000,3.000000,94.300003,20.750000
2015-06-26T09:44:56Z,37.356798,-121.934673,-14.000000,3.000000,93.000000,21.250000
2015-06-26T09:44:57Z,37.356788,-121.934436,-14.000000,4.000000,93.000000,21.250000
2015-06-26T09:44:58Z,37.356781,-121.934191,-15.000000,3.000000,92.199997,21.750000
2015-06-26T09:44:59Z,37.356773,-121.933944,-15.000000,3.000000,92.300003,21.250000
2015-06-26T09:45:00Z,37.356762,-121.933707,-15.000000,3.000000,94.099998,21.250000
2015-06-26T09:45:01Z,37.356744,-121.933472,-15.000000,3.000000,95.900002,21.250000
2015-06-26T09:45:02Z,37.356724,-121.933229,-15.000000,4.000000,95.900002,21.250000
2015-06-26T09:45:03Z,37.356684,-121.932993,-14.000000,3.000000,102.699997,21.250000
2015-06-26T09:45:04Z,37.356633,-121.932775,-14.000000,3.000000,107.300003,21.000000
2015-06-26T09:45:05Z,37.356577,-121.932550,-14.000000,4.000000,107.300003,21.000000
2015-06-26T09:45:06Z,37.356497,-121.932355,-14.000000,3.000000,116.800003,20.500000
2015-06-26T09:45:07Z,37.356403,-121.932156,-14.000000,3.000000,120.599998,20.500000
2015-06-26T09:45:08Z,37.356310,-121.931958,-14.000000,4.000000,120.599998,20.500000
2015-06-26T09:45:09Z,37.356207,-121.931763,-13.000000,3.000000,121.599998,20.500000
2015-06-26T09:45:10Z,37.356098,-121.931563,-12.000000,3.000000,122.000000,20.500000
2015-06-26T09:45:11Z,37.356001,-121.931365,-12.000000,3.000000,121.900002,20.750000
2015-06-26T09:45:12Z,37.355899,-121.931161,-11.000000,3.000000,122.699997,20.750000
2015-06-26T09:45:13Z,37.355797,-121.930967,-12.000000,3.000000,122.900002,20.750000
2015-06-26T09:45:14Z,37.355705,-121.930765,-11.000000,3.000000,122.699997,20.750000
2015-06-26T09:45:15Z,37.355595,-121.930554,-10.000000,3.000000,122.599998,21.250000
2015-06-26T09:45:16Z,37.355493,-121.930366,-10.000000,3.000000,122.300003,20.500000
2015-06-26T09:45:17Z,37.355398,-121.930182,-9.000000,4.000000,122.500000,19.750000
2015-06-26T09:45:18Z,37.355298,-121.929997,-9.000000,4.000000,122.400002,18.750000
2015-06-26T09:45:19Z,37.355215,-121.929829,-10.000000,4.000000,123.300003,17.750000
2015-06-26T09:45:20Z,37.355130,-121.929662,-9.000000,4.000000,122.000000,16.750000
2015-06-26T09:45:21Z,37.355051,-121.929502,-9.000000,4.000000,122.000000,16.750000
2015-06-26T09:45:22Z,37.354978,-121.929367,-8.000000,4.000000,123.199997,15.000000
2015-06-26T09:45:23Z,37.354901,-121.929223,-11.000000,4.000000,123.699997,14.250000
2015-06-26T09:45:24Z,37.354836,-121.929102,-12.000000,4.000000,122.699997,12.750000
2015-06-26T09:45:25Z,37.354773,-121.928981,-12.000000,4.000000,122.699997,12.750000
2015-06-26T09:45:26Z,37.354724,-121.928886,-13.000000,4.000000,122.599998,10.000000
2015-06-26T09:45:27Z,37.354681,-121.928809,-13.000000,4.000000,124.699997,7.750000
2015-06-26T09:45:28Z,37.354648,-121.928757,-13.000000,4.000000,129.199997,5.750000
2015-06-26T09:45:29Z,37.354619,-121.928718,-12.000000,4.000000,146.699997,5.250000
2015-06-26T09:45:30Z,37.354579,-121.928714,-13.000000,4.000000,175.100006,5.250000
2015-06-26T09:45:31Z,37.354543,-121.928716,-13.000000,4.000000,185.600006,4.750000
2015-06-26T09:45:32Z,37.354495,-121.928755,-12.000000,4.000000,208.600006,6.250000
2015-06-26T09:45:33Z,37.354445,-121.928790,-13.000000,5.000000,208.899994,6.250000
2015-06-26T09:45:34Z,37.354401,-121.928799,-13.000000,5.000000,203.800003,6.000000
2015-06-26T09:45:35Z,37.354340,-121.928867,-14.000000,6.000000,210.500000,7.750000
2015-06-26T09:45:36Z,37.354269,-121.928924,-11.000000,5.000000,209.899994,8.500000
2015-06-26T09:45:37Z,37.354195,-121.928974,-12.000000,4.000000,208.899994,7.750000
2015-06-26T09:45:38Z,37.354136,-121.928981,-13.000000,4.000000,211.100006,6.250000
2015-06-26T09:45:39Z,37.354089,-121.929033,-13.000000,4.000000,215.500000,5.000000
2015-06-26T09:45:40Z,37.354058,-121.929079,-13.000000,4.000000,238.600006,4.750000
2015-06-26T09:45:41Z,37.354053,-121.929133,-12.000000,4.000000,261.000000,4.750000
2015-06-26T09:45:42Z,37.354054,-121.929167,-12.000000,4.000000,287.500000,4.250000
2015-06-26T09:45:43Z,37.354071,-121.929211,-13.000000,4.000000,295.500000,3.500000
2015-06-26T09:45:44Z,37.354092,-121.929243,-12.000000,4.000000,304.700012,3.000000
2015-06-26T09:45:45Z,37.354100,-121.929275,-13.000000,4.000000,278.200012,2.500000
2015-06-26T09:45:46Z,37.354087,-121.929294,-12.000000,4.000000,278.200012,2.000000
2015-06-26T09:45:47Z,37.354099,-121.929310,-11.000000,3.000000,278.200012,1.750000
2015-06-26T09:45:48Z,37.354068,-121.929320,-13.000000,3.000000,192.500000,2.000000
2015-06-26T09:45:49Z,37.354051,-121.929326,-12.000000,3.000000,167.300003,2.250000
2015-06-26T09:45:50Z,37.354017,-121.929326,-12.000000,3.000000,144.500000,3.250000
2015-06-26T09:45:51Z,37.353990,-121.929306,-12.000000,3.000000,139.399994,4.000000
2015-06-26T09:45:52Z,37.353959,-121.929277,-11.000000,3.000000,132.600006,4.250000
2015-06-26T09:45:53Z,37.353947,-121.929247,-11.000000,3.000000,128.699997,3.000000
2015-06-26T09:45:54Z,37.353940,-121.929239,-11.000000,4.000000,128.699997,1.000000
2015-06-26T09:45:55Z,37.353935,-121.929231,-11.000000,3.000000,0.000000,0.000000
2015-06-26T09:45:56Z,37.353940,-121.929237,-11.000000,3.000000,0.000000,0.000000
2015-06-26T09:45:57Z,37.353943,-121.929235,-12.000000,3.000000,0.000000,0.000000
2015-06-26T09:45:58Z,37.353946,-121.929233,-13.000000,3.000000,0.000000,0.000000
2015-06-26T09:45:59Z,37.353940,-121.929237,-13.000000,3.000000,0.000000,0.000000
2015-06-26T09:46:00Z,37.353942,-121.929241,-13.000000,3.000000,0.000000,0.000000
2015-06-26T09:46:01Z,37.353947,-121.929242,-13.000000,3.000000,0.000000,0.000000
2015-06-26T09:46:02Z,37.353946,-121.929245,-12.000000,3.000000,0.000000,0.000000
2015-06-26T09:46:03Z,37.353945,-121.929246,-12.000000,3.000000,0.000000,0.000000
2015-06-26T09:46:04Z,37.353947,-121.929250,-12.000000,3.000000,0.000000,0.000000
2015-06-26T09:46:05Z,37.353947,-121.929250,-12.000000,3.000000,0.000000,0.000000
2015-06-26T09:46:06Z,37.353947,-121.929256,-11.000000,3.000000,0.000000,0.000000
2015-06-26T09:46:07Z,37.353948,-121.929260,-11.000000,3.000000,0.000000,0.000000
2015-06-26T09:46:08Z,37.353950,-121.929263,-11.000000,3.000000,0.000000,0.000000
2015-06-26T09:46:09Z,37.353953,-121.929265,-11.000000,3.000000,0.000000,0.000000
2015-06-26T09:46:10Z,37.353949,-121.929269,-11.000000,3.000000,0.000000,0.000000
2015-06-26T09:46:11Z,37.353949,-121.929269,-10.000000,3.000000,0.000000,0.000000
2015-06-26T09:46:12Z,37.353952,-121.929272,-11.000000,3.000000,0.000000,0.000000
2015-06-26T09:46:13Z,37.353946,-121.929278,-10.000000,3.000000,0.000000,0.000000
2015-06-26T09:46:14Z,37.353942,-121.929280,-10.000000,3.000000,0.000000,0.000000
2015-06-26T09:46:15Z,37.353939,-121.929280,-10.000000,3.000000,0.000000,0.000000
2015-06-26T09:46:16Z,37.353938,-121.929281,-9.000000,3.000000,0.000000,0.000000
2015-06-26T09:46:17Z,37.353938,-121.929282,-9.000000,3.000000,0.000000,0.000000
2015-06-26T09:46:18Z,37.353938,-121.929282,-9.000000,3.000000,0.000000,0.000000
2015-06-26T09:46:19Z,37.353938,-121.929282,-9.000000,3.000000,0.000000,0.000000
2015-06-26T09:46:20Z,37.353938,-121.929282,-9.000000,3.000000,0.000000,0.000000
2015-06-26T09:46:21Z,37.353938,-121.929282,-9.000000,3.000000,0.000000,0.000000
2015-06-26T09:46:22Z,37.353938,-121.929282,-9.000000,3.000000,0.000000,0.000000
2015-06-26T09:46:23Z,37.353938,-121.929282,-9.000000,3.000000,0.000000,0.000000
2015-06-26T09:46:24Z,37.353938,-121.929282,-9.000000,3.000000,0.000000,0.000000
2015-06-26T09:46:25Z,37.353938,-121.929282,-9.000000,3.000000,0.000000,0.000000
2015-06-26T09:46:26Z,37.353938,-121.929282,-9.000000,3.000000,0.000000,0.000000
2015-06-26T09:46:27Z,37.353938,-121.929282,-9.000000,3.000000,0.000000,0.000000
2015-06-26T09:46:28Z,37.353938,-121.929282,-9.000000,3.000000,0.000000,0.000000
2015-06-26T09:46:29Z,37.353938,-121.929282,-9.000000,3.000000,0.000000,0.000000
2015-06-26T09:46:30Z,37.353938,-121.929282,-9.000000,3.000000,0.000000,0.000000
2015-06-26T09:46:31Z,37.353938,-121.929282,-9.000000,3.000000,0.000000,0.000000
2015-06-26T09:46:32Z,37.353938,-121.929282,-9.000000,3.000000,0.000000,0.000000
2015-06-26T09:46:33Z,37.353938,-121.929282,-9.000000,3.000000,0.000000,0.000000
2015-06-26T09:46:34Z,37.353938,-121.929282,-9.000000,3.000000,0.000000,0.000000
2015-06-26T09:46:35Z,37.353938,-121.929282,-9.000000,3.000000,0.000000,0.000000
2015-06-26T09:46:36Z,37.353938,-121.929282,-9.000000,3.000000,0.000000,0.000000
2015-06-26T09:46:37Z,37.353938,-121.929282,-9.000000,3.000000,0.000000,0.000000
2015-06-26T09:46:38Z,37.353938,-121.929282,-9.000000,3.000000,0.000000,0.000000
2015-06-26T09:46:39Z,37.353938,-121.929282,-9.000000,3.000000,0.000000,0.000000
2015-06-26T09:46:40Z,37.353938,-121.929282,-9.000000,3.000000,0.000000,0.000000
2015-06-26T09:46:41Z,37.353938,-121.929282,-9.000000,3.000000,0.000000,0.000000
2015-06-26T09:46:42Z,37.353938,-121.929281,-9.000000,3.000000,0.000000,0.000000
2015-06-26T09:46:43Z,37.353938,-121.929281,-9.000000,3.000000,0.000000,0.000000
2015-06-26T09:46:44Z,37.353938,-121.929281,-9.000000,3.000000,0.000000,0.000000
2015-06-26T09:46:45Z,37.353938,-121.929281,-9.000000,3.000000,0.000000,0.000000
2015-06-26T09:46:46Z,37.353938,-121.929281,-9.000000,3.000000,0.000000,0.000000
2015-06-26T09:46:47Z,37.353938,-121.929281,-9.000000,3.000000,0.000000,0.000000
2015-06-26T09:46:48Z,37.353938,-121.929281,-9.000000,3.000000,0.000000,0.000000
2015-06-26T09:46:49Z,37.353938,-121.929281,-9.000000,3.000000,0.000000,0.000000
2015-06-26T09:46:50Z,37.353938,-121.929281,-9.000000,3.000000,0.000000,0.000000
2015-06-26T09:46:51Z,37.353938,-121.929281,-9.000000,3.000000,0.000000,0.000000
2015-06-26T09:46:52Z,37.353938,-121.929281,-9.000000,3.000000,0.000000,0.000000
2015-06-26T09:46:53Z,37.353938,-121.929281,-9.000000,3.000000,0.000000,0.000000
2015-06-26T09:46:54Z,37.353938,-121.929281,-9.000000,3.000000,0.000000,0.000000
2015-06-26T09:46:55Z,37.353938,-121.929281,-9.000000,3.000000,0.000000,0.000000
2015-06-26T09:46:56Z,37.353938,-121.929281,-9.000000,3.000000,0.000000,0.000000
2015-06-26T09:46:57Z,37.353938,-121.929281,-9.000000,3.000000,0.000000,0.000000
